Chain,Number,Residue,Energy_Mean,Energy_Std,Protein
B,226,ARG,-110.8784,0.4718,MAX
B,254,ARG,-109.5870,0.1724,MAX
A,925,ARG,-109.5140,0.2326,MYC
A,970,ARG,-109.4273,0.1380,MYC
A,913,ARG,-109.4101,0.1903,MYC
A,968,ARG,-109.4067,0.0364,MYC
B,279,ARG,-109.0196,0.1120,MAX
A,971,ARG,-108.7800,0.0929,MYC
B,214,ARG,-108.6934,0.1459,MAX
B,269,ARG,-108.6872,0.0956,MAX
B,239,ARG,-107.2256,0.1042,MAX
B,220,ASP,-43.0829,0.0849,MAX
A,965,ASP,-42.4078,0.1567,MYC
B,265,ASP,-42.3188,0.0122,MAX
B,244,ASP,-42.1896,0.1146,MAX
B,263,ASP,-41.8287,0.0531,MAX
A,926,ASP,-41.2580,0.0962,MYC
A,916,GLU,-34.7294,0.0830,MYC
A,972,GLU,-34.6345,0.0601,MYC
B,248,GLU,-34.4882,0.0640,MAX
B,275,GLU,-34.3381,0.1285,MAX
A,957,GLU,-33.8281,0.0760,MYC
A,963,GLU,-33.8050,0.1942,MYC
A,964,GLU,-33.5031,0.0508,MYC
A,956,GLU,-33.4096,0.0199,MYC
B,257,ASN,-26.8304,0.0319,MAX
B,271,ASN,-26.5085,0.0769,MAX
A,984,CYS,-25.7055,0.0725,MYC
A,945,LYS,-16.1361,0.1346,MYC
A,954,GLN,-15.9780,0.1115,MYC
B,256,LYS,-15.9491,0.1266,MAX
B,270,GLN,-15.8923,0.0309,MAX
A,958,GLN,-15.8523,0.1266,MYC
A,973,GLN,-15.7814,0.0465,MYC
B,251,GLN,-15.7613,0.0800,MAX
B,277,GLN,-15.7111,0.0890,MAX
A,927,GLN,-15.7033,0.0568,MYC
B,276,GLN,-15.6072,0.1666,MAX
B,261,GLN,-15.5924,0.0559,MAX
B,245,LYS,-15.5442,0.1443,MAX
B,241,GLN,-15.2721,0.0849,MAX
A,969,LYS,-15.0127,0.1000,MYC
A,977,LYS,-14.9578,0.1465,MYC
A,975,LYS,-14.7938,0.0488,MYC
B,268,LYS,-14.7814,0.0270,MAX
A,959,LYS,-14.5150,0.0519,MYC
B,219,LYS,-14.4191,0.0490,MAX
A,944,LYS,-14.1190,0.0421,MYC
A,918,LYS,-13.3666,0.1191,MYC
A,939,LYS,-13.1252,0.2462,MYC
B,217,HSD,0.2036,0.0247,MAX
B,260,HSD,0.2318,0.1750,MAX
B,223,HSD,0.5139,0.0523,MAX
B,243,LEU,0.6056,0.0331,MAX
A,943,LEU,0.6666,0.0959,MYC
B,258,HSD,0.7866,0.0532,MAX
B,247,THR,0.7896,0.0359,MAX
A,947,THR,0.9490,0.0950,MYC
A,974,LEU,0.9876,0.1322,MYC
B,225,LEU,1.2211,0.0247,MAX
B,267,LEU,1.4215,0.0259,MAX
A,967,LEU,1.4382,0.0692,MYC
A,924,LEU,1.5377,0.0449,MYC
B,283,GLY,1.5486,0.0280,MAX
A,983,GLY,1.5741,0.1228,MYC
A,960,LEU,1.6175,0.1052,MYC
A,978,LEU,1.7678,0.1429,MYC
B,274,LEU,1.8743,0.0488,MAX
A,917,LEU,2.1222,0.0767,MYC
A,951,LEU,3.2343,0.0258,MYC
A,966,LEU,3.2801,0.0507,MYC
B,282,GLY,3.9067,0.0632,MAX
A,982,GLY,3.9486,0.0622,MYC
A,981,LEU,4.2125,0.0862,MYC
B,246,ALA,4.5553,0.0610,MAX
A,946,ALA,4.6862,0.0261,MYC
B,281,LEU,4.7954,0.0749,MAX
A,923,ALA,5.2445,0.0292,MYC
B,240,ALA,5.3350,0.0243,MAX
B,272,ALA,5.3636,0.0254,MAX
B,249,TYR,5.4667,0.0387,MAX
A,955,ALA,5.6157,0.0381,MYC
B,280,ALA,5.8837,0.0247,MAX
A,949,TYR,5.9876,0.0994,MYC
B,253,MET,6.1137,0.0307,MAX
B,278,VAL,6.1257,0.0240,MAX
A,953,VAL,6.3520,0.0736,MYC
A,940,VAL,7.9475,0.0394,MYC
B,224,SER,8.8546,0.0556,MAX
A,920,SER,8.8684,0.1211,MYC
B,221,SER,9.0977,0.1639,MAX
B,242,ILE,9.2709,0.0163,MAX
A,942,ILE,9.3714,0.1475,MYC
A,952,SER,9.4968,0.0442,MYC
B,250,ILE,9.6056,0.0066,MAX
B,228,SER,9.8005,0.0578,MAX
A,950,ILE,10.0376,0.1254,MYC
B,264,ILE,10.3706,0.1223,MAX
B,218,ILE,10.4852,0.1118,MAX
A,961,ILE,11.3075,0.0861,MYC
A,929,PRO,13.4665,0.0143,MYC
B,222,PHE,13.4892,0.0635,MAX
A,921,PHE,13.6018,0.0496,MYC
B,229,VAL,14.2164,0.0748,MAX
A,922,PHE,14.5564,0.1159,MYC
B,230,PRO,14.6249,0.4565,MAX
A,928,ILE,17.2875,0.0288,MYC
